airfoil,blades,tip_speed_ratio,aoa_deg,hub_radius_ratio,chord_scale,twist_scale,cp,ct,power_w,thrust_n,torque_nm,root_moment_nm,solidity_mean,obj_neg_cp,obj_root_moment,obj_solidity,obj_blade_pref_penalty,obj_solidity_with_blade_pref
4412,6,7.596887302782974,3.6751372139929,0.14002817703153886,1.012846875744823,1.0548082502124827,0.5229641814600782,0.8335742115686111,1173749.502404663,207876.42415891183,686684.4599920299,4432159.8995754365,0.10605463394155318,-0.5229641814600782,4432159.8995754365,0.10605463394155318,0.36,0.46605463394155316
4412,6,7.596887302782974,4.216492916846151,0.14002817703153886,1.0402084570539802,1.0548082502124827,0.522757325163261,0.8489243265354535,1173285.230693395,211704.43007062393,686412.8448231302,4519279.973356298,0.10214596438054686,-0.522757325163261,4519279.973356298,0.10214596438054686,0.36,0.46214596438054684
4412,6,8.036319229120151,3.711972649185884,0.14324615014483805,1.005003508822652,1.053958741756462,0.52271112136707,0.8351945615314744,1173181.5301251514,208280.50642476339,648821.9277048837,4425410.550635591,0.09280693908749911,-0.52271112136707,4425410.550635591,0.09280693908749911,0.36,0.4528069390874991
6409,6,7.540441060057788,3.71996611766859,0.14394446595201088,1.003301460076324,1.0537743942923037,0.5205047969801477,0.8536436493573364,1168229.6189941384,212881.33302545318,688571.3446494545,4483590.136431788,0.086794497214388,-0.5205047969801477,4483590.136431788,0.086794497214388,0.36,0.446794497214388
4412,6,7.131285297138864,3.767358205171555,0.15269501131423058,0.9480003637487268,1.0397407851872569,0.5190299067231462,0.8019648770196071,1164919.3507833716,199993.70016757725,726014.8936815377,4160072.0925359325,0.10204461445374646,-0.5190299067231462,4160072.0925359325,0.10204461445374646,0.36,0.46204461445374645
4415,5,7.569352325758901,5.401726903003312,0.1419385774450763,0.9735855241182173,1.0348210466295606,0.5172718893374932,0.8202788927467393,1160973.6273384735,204560.8425389592,681680.884454492,4324583.9810345005,0.08200399749769206,-0.5172718893374932,4324583.9810345005,0.08200399749769206,0.16,0.24200399749769208
6409,5,7.825891447796162,4.065668013347237,0.15079308957030138,0.9917946104588165,1.0637411278397755,0.5150201636702779,0.8435779829450498,1155919.8168192392,210371.16091177284,656464.6906177378,4368588.527706259,0.07368026720941984,-0.5150201636702779,4368588.527706259,0.07368026720941984,0.16,0.23368026720941984
4415,5,7.520955277339418,3.5759457948407154,0.14034473988561252,0.9645486161916006,1.0482257675210336,0.5147252635007536,0.8057114855685291,1155257.937976463,200928.0280019371,682689.8359321433,4257096.373280681,0.1008670830865004,-0.5147252635007536,4257096.373280681,0.1008670830865004,0.16,0.2608670830865004
4415,5,7.127827419840871,4.006927837972838,0.14202541685720885,0.9736000654676377,1.0500985989757867,0.5146721542009688,0.8032502288384707,1155138.7385811592,200314.2407219554,720268.5540560144,4227572.9584938735,0.10537974560940165,-0.5146721542009688,4227572.9584938735,0.10537974560940165,0.16,0.26537974560940164
4412,5,7.096576701743524,3.806152786977746,0.15468306457275627,0.9439762587882536,1.0278642963754128,0.5134531443585069,0.792435163540187,1152402.772626433,197617.1837952281,721726.8713947072,4075448.8641419294,0.09872143465128466,-0.5134531443585069,4075448.8641419294,0.09872143465128466,0.16,0.25872143465128467
6409,5,7.743914894610505,4.2388878032772315,0.16239011355431204,0.9770101550023258,1.0993143812423907,0.5133031915895039,0.8283465593881677,1152066.2161389312,206572.7542193486,661202.2941412169,4214261.512698345,0.06870297794787827,-0.5133031915895039,4214261.512698345,0.06870297794787827,0.16,0.22870297794787828
4412,6,7.337752381829877,4.274319287977249,0.16473662248912277,0.8755182822182573,1.0216291670998559,0.5113639337585598,0.769923733065973,1147713.7136257573,192003.29170891276,695165.1640586748,3910372.4573151097,0.07894975168077456,-0.5113639337585598,3910372.4573151097,0.07894975168077456,0.36,0.43894975168077455
6409,4,7.419309106668057,3.3551256680896233,0.1408719363609547,0.9417010728874915,1.044089671692158,0.5112412114361021,0.799860356128755,1147438.273605149,199468.8755373445,687358.5649483161,4166639.7862915164,0.08366898997141528,-0.5112412114361021,4166639.7862915164,0.08366898997141528,0.04,0.12366898997141529
4412,4,8.128837234192122,3.332817976422708,0.14,0.9417701386934906,1.0482910185563212,0.5105252421674203,0.7844560466244535,1145831.340276549,195627.35461221234,626483.6640032149,4126263.470790244,0.08670158822432875,-0.5105252421674203,4126263.470790244,0.08670158822432875,0.04,0.12670158822432875
4412,4,7.671499631818184,3.61715178268691,0.14,0.9418014139579307,1.0780705505947383,0.5085036574769679,0.7740418730957401,1141294.0619913277,193030.27192458278,661202.9325083342,4075579.998832679,0.09272887827376611,-0.5085036574769679,4075579.998832679,0.09272887827376611,0.04,0.13272887827376612
4412,6,7.2178962255859425,4.762500188417352,0.18440353188025926,0.8844421864747971,1.0361495013124429,0.5069508137188156,0.7649737018152464,1137808.8336467117,190768.8547726506,700609.7055836271,3770323.776221334,0.07044225338999974,-0.5069508137188156,3770323.776221334,0.07044225338999974,0.36,0.43044225338999975
4415,5,7.337752381829877,4.0461259290247,0.16473662248912277,0.8890102012217866,1.0216291670998559,0.5067478018929199,0.7650839663258628,1137353.1905298885,190796.35249494153,688889.8406464274,3872921.658908539,0.07998681159166873,-0.5067478018929199,3872921.658908539,0.07998681159166873,0.16,0.23998681159166874
4412,4,7.410542371174364,3.6247992975651795,0.15960002763412334,0.9659206179004437,1.0505902853353268,0.5058580577138527,0.7833803562546581,1135356.2339036588,195359.09935134667,680925.5589532282,3992513.408816212,0.09029411613430638,-0.5058580577138527,3992513.408816212,0.09029411613430638,0.04,0.1302941161343064
4412,5,7.299501735393724,3.4005722225393695,0.18222058669053554,0.9245229095814855,1.0671693957536061,0.5052288322078479,0.764085687604969,1133943.9897180025,190547.4021220373,690423.9834585789,3770762.956051982,0.08369177740727027,-0.5052288322078479,3770762.956051982,0.08369177740727027,0.16,0.24369177740727027
4412,4,7.697970959328704,3.6566381729409367,0.1739361083159672,0.9423510836417145,1.0538327920014383,0.5029983426608634,0.7708813759777067,1128937.8419000343,192242.10833897348,651795.3297128644,3841264.6299940348,0.07600489971309589,-0.5029983426608634,3841264.6299940348,0.07600489971309589,0.04,0.11600489971309588
4415,6,6.920299515026897,5.622831276207335,0.2007969435992516,0.8784345192028973,1.0240334873587111,0.5014247123423231,0.7569898467814866,1125405.959853737,188777.843999539,722772.8012574567,3626381.5409555025,0.06402624624453421,-0.5014247123423231,3626381.5409555025,0.06402624624453421,0.36,0.4240262462445342
4412,4,7.283208678933459,4.07939573816599,0.17494645253051042,0.9292779027641804,1.0474690502137542,0.5006704381371269,0.7635201297418409,1123713.0542888585,190406.36351430402,685725.2704744922,3789364.1885905033,0.07829269818433285,-0.5006704381371269,3789364.1885905033,0.07829269818433285,0.04,0.11829269818433286
6409,6,5.959159301533425,4.123843165097783,0.21139720859363403,0.8878109466749141,1.0010721543637857,0.49931910973881977,0.769888007418453,1120680.1103677857,191994.38246033702,835822.6787529946,3554808.7791079674,0.08342612078230413,-0.49931910973881977,3554808.7791079674,0.08342612078230413,0.36,0.44342612078230415
4415,5,7.444137254117206,6.0575101836953955,0.21955947385508848,0.9340350594263848,1.0658640116342584,0.4969318663146374,0.7706609472632459,1115322.1415420244,192187.13790885685,665891.4426921292,3591324.185391932,0.05171154308543916,-0.4969318663146374,3591324.185391932,0.05171154308543916,0.16,0.21171154308543916
4412,3,7.5533826848805505,3.592565645251959,0.14767346421236924,0.956503470151308,1.0493948651551999,0.4954015668329486,0.7642205557294987,1111887.5119462698,190581.03548433565,654239.6276582805,3945611.6286887648,0.08862100531527924,-0.4954015668329486,3945611.6286887648,0.08862100531527924,0.0,0.08862100531527924
4415,5,7.497315007034562,3.9103733673905765,0.21311915913677199,0.8883202214920198,1.0341419438969826,0.494925075249167,0.745385115234804,1110818.0663146356,185883.86040003566,658498.2995897005,3497124.192381996,0.061926892083953855,-0.494925075249167,3497124.192381996,0.061926892083953855,0.16,0.22192689208395386
4415,6,6.798698242155546,6.006461159667645,0.2136288714048697,0.8358898405441418,1.0270206570022535,0.4916632930009864,0.7269349952851767,1103497.2680143286,181282.77640870845,721378.1414618191,3407967.458029811,0.05745910873620626,-0.4916632930009864,3407967.458029811,0.05745910873620626,0.36,0.41745910873620623
4412,5,5.959159301533425,4.123843165097783,0.21139720859363403,0.8878109466749141,1.019338410844361,0.4915682783021879,0.7393277932415886,1103284.015444861,184373.28771382064,822848.3692031013,3449999.8796136775,0.0929934479660244,-0.4915682783021879,3449999.8796136775,0.0929934479660244,0.16,0.2529934479660244
4415,3,7.926137395344829,6.2396029111597215,0.18108348770863072,0.9414583047339365,1.0714774487253516,0.48915670409965234,0.7594302713740035,1097871.4382156993,189386.43616887598,615612.4188760313,3727963.823064358,0.0507922813532772,-0.48915670409965234,3727963.823064358,0.0507922813532772,0.0,0.0507922813532772
4415,4,6.948751964446368,5.835055086213199,0.21005351552847853,0.8655459611335143,1.017730008920369,0.4838641151455358,0.7225871156254342,1085992.6635853169,180198.5038103039,694604.4534435676,3374686.7032311526,0.05606715634720438,-0.4838641151455358,3374686.7032311526,0.05606715634720438,0.04,0.09606715634720439
4415,4,7.027700518737271,5.16067637518411,0.21876058464441642,0.8654957314922722,1.017938048182818,0.48254737853284185,0.7199759595598588,1083037.3580429133,179547.3346902669,684932.3411329,3314766.258010511,0.05641436247481078,-0.48254737853284185,3314766.258010511,0.05641436247481078,0.04,0.09641436247481078
4415,6,6.560878704013906,6.657496388576577,0.23307887324575702,0.8070312230265213,1.0076851428810203,0.4805928834385928,0.7022954010186848,1078650.6567626798,175138.16363427264,730695.252148512,3183809.26610662,0.051750927840552643,-0.4805928834385928,3183809.26610662,0.051750927840552643,0.36,0.4117509278405526
4412,6,5.866551204946496,4.147296062460102,0.26148145269927037,0.8245327419378509,1.0234639157919654,0.47590386533403123,0.6951706476770071,1068126.5465805454,173361.39531883356,809202.7036107376,2988367.7311499645,0.07465780843189304,-0.47590386533403123,2988367.7311499645,0.07465780843189304,0.36,0.43465780843189306
4412,3,7.522407274642708,4.4236597124488055,0.2162155974847522,0.9031672970310071,1.036696058749224,0.4752332556302837,0.7177487637410785,1066621.4190135219,178991.91743252988,630189.1757496286,3310111.9264170923,0.05468617437204852,-0.4752332556302837,3310111.9264170923,0.05468617437204852,0.0,0.05468617437204852
4415,6,6.250828451125237,6.040901932243608,0.25224331302352276,0.7959162856536809,0.9979875997454092,0.4742623301601989,0.6875318412496871,1064442.2577482087,171456.43263774816,756836.3963066859,3006514.2010876187,0.05458896343233741,-0.4742623301601989,3006514.2010876187,0.05458896343233741,0.36,0.4145889634323374
6409,5,6.249004291738882,4.949335268881432,0.24568823968112793,0.7947693396507753,1.026036605486813,0.47243587444406526,0.6961391854823595,1060342.93017669,173602.9289133776,754141.7840694695,2998052.1690688417,0.056532655496880475,-0.47243587444406526,2998052.1690688417,0.056532655496880475,0.16,0.21653265549688047
4412,3,7.30884152328733,5.9549417724872535,0.22455987545378853,0.9158573522894001,1.0420517968305278,0.4703542417371447,0.7186876364888155,1055670.8791250945,179226.05316613487,641944.4940679225,3272850.757606064,0.048380099086492837,-0.4703542417371447,3272850.757606064,0.048380099086492837,0.0,0.048380099086492837
24012,4,7.488410974764167,6.323679009152994,0.238154112215309,0.8378590910798024,1.0053479225829494,0.4695568939337649,0.6951302227108404,1053881.2984604158,173351.31415593665,625488.7582734203,3110132.126169306,0.052445512770056935,-0.4695568939337649,3110132.126169306,0.052445512770056935,0.04,0.09244551277005694
4412,6,5.542738512357976,5.3933416989852665,0.2634302667789028,0.7826353250997173,0.9752013660450932,0.4672653366794092,0.676523463283219,1048738.0892648601,168711.16747035185,840930.555197271,2884224.4087094693,0.06840074880374533,-0.4672653366794092,2884224.4087094693,0.06840074880374533,0.36,0.42840074880374535
25012,5,5.618682406520495,5.458028654724083,0.2393345042495456,0.7726296025285648,1.0001110387669587,0.46441939075825384,0.6711364887946396,1042350.600929616,167367.76579335672,824511.6919384402,2985029.628953945,0.09098303392750871,-0.46441939075825384,2985029.628953945,0.09098303392750871,0.16,0.2509830339275087
4412,5,6.5295965043437,6.267163895749348,0.2925633056154596,0.8846479945268017,1.0552131496801112,0.4642323113151038,0.6992896620132732,1041930.7167174804,174388.59356873026,709202.0436990958,2865723.4228359163,0.04697919115105508,-0.4642323113151038,2865723.4228359163,0.04697919115105508,0.16,0.2069791911510551
4415,3,7.636498448182013,5.977168772992339,0.23332136845899384,0.834194571729322,1.0347462776753764,0.4611737616198102,0.6773578188054856,1035066.0569373253,168919.23873747952,602408.7633361968,3037858.650231665,0.03914419204462745,-0.4611737616198102,3037858.650231665,0.03914419204462745,0.0,0.03914419204462745
6409,4,5.794306056891735,5.120104441790437,0.24700045681657873,0.8039592122541508,0.9844363300540515,0.4588370509835082,0.687915463255811,1029821.5047407183,171552.10014971645,789910.7193467022,2932928.3962517544,0.06277567267249425,-0.4588370509835082,2932928.3962517544,0.06277567267249425,0.04,0.10277567267249424
23012,6,7.435946005786157,7.543830145051034,0.2687993177368145,0.7467561339546525,1.0210025271598788,0.4576559233815614,0.6610208099278925,1027170.5623163426,164845.1215925456,613937.0156307495,2842135.4472294413,0.03977583854236093,-0.4576559233815614,2842135.4472294413,0.03977583854236093,0.36,0.39977583854236093
24012,6,5.4306159579223126,4.557276380408503,0.2748972595788759,0.7,0.9645579191645949,0.4558689117732061,0.65510333149565,1023159.7637560237,163369.4230411026,837359.2909236618,2733285.786631245,0.0973395294285424,-0.4558689117732061,2733285.786631245,0.0973395294285424,0.36,0.4573395294285424
23012,4,7.047399458129884,7.248014379402943,0.25969604677417946,0.7762779466054194,0.9696151742965647,0.4532756175299208,0.6554623536430957,1017339.3310465661,163458.95584954254,641585.334398595,2810372.3953447915,0.04625997604030248,-0.4532756175299208,2810372.3953447915,0.04625997604030248,0.04,0.08625997604030247
4415,6,5.803597121807463,6.0012700145816975,0.2688385970129084,0.7154075315873378,0.9847297727367592,0.45189637900037594,0.6314412996957749,1014243.7451629769,157468.59442785123,776716.557661093,2670672.636687689,0.05317160684147735,-0.45189637900037594,2670672.636687689,0.05317160684147735,0.36,0.41317160684147736
6409,5,5.1990741741927655,4.269225448148482,0.2700222303828871,0.7020578320856212,0.9649514045599967,0.44691006829078245,0.635837166600422,1003052.386516042,158564.8340673873,857462.3976066158,2601381.056305194,0.06724453350696907,-0.44691006829078245,2601381.056305194,0.06724453350696907,0.16,0.22724453350696908
4415,5,5.720163449226949,5.196060803944252,0.26803157548188666,0.7202406434964901,1.0243663082824455,0.4458254232408171,0.6208540062635183,1000617.9911352186,154828.33916362334,777458.7406786598,2620658.1334535894,0.058048919034896146,-0.4458254232408171,2620658.1334535894,0.058048919034896146,0.16,0.21804891903489615
23012,5,7.880849472403697,8.811341980605564,0.2970373168261457,0.771211787163733,0.9969178330217973,0.4443041791335608,0.6515988429832077,997203.6855723731,162495.47501060675,562378.0019960046,2670667.4958170424,0.0294303982879639,-0.4443041791335608,2670667.4958170424,0.0294303982879639,0.16,0.1894303982879639
23012,3,7.204274795947016,6.851736145198622,0.2563291692630867,0.8010772581453413,1.0117070706193763,0.4421473520162095,0.642594083667701,992362.8669360069,160249.87151071356,612206.190872669,2766416.477222801,0.04646685858238644,-0.4421473520162095,2766416.477222801,0.04646685858238644,0.0,0.04646685858238644
4412,3,7.06350803254664,4.696959306863276,0.2593410411525895,0.7894161820609527,1.045005104526485,0.44199667346528826,0.6323724067650454,992024.6814915027,157700.7935594736,624193.8940383822,2705551.874544127,0.043933082078260945,-0.44199667346528826,2705551.874544127,0.043933082078260945,0.0,0.043933082078260945
23012,6,7.0891705302709935,8.226732667770559,0.2956811685013682,0.7160671467101305,0.9280467646447145,0.4397411552022552,0.6240450005325651,986962.3588071683,155624.10811731106,618760.5945922454,2545295.7904359833,0.03577379065138035,-0.4397411552022552,2545295.7904359833,0.03577379065138035,0.36,0.39577379065138035
24012,4,5.9195991784368545,6.919570483020375,0.27672153621805357,0.7453111332728355,0.9911227995021843,0.4372168579374818,0.6214049941545536,981296.7840632594,154965.7443171822,736759.1806161469,2577001.4871139186,0.057903089208309194,-0.4372168579374818,2577001.4871139186,0.057903089208309194,0.04,0.0979030892083092
23012,5,6.5677481314427615,7.8149435918641155,0.28864910327202364,0.7062815035940132,0.9670066180344539,0.4356542786535068,0.6101877789003427,977789.705142648,152168.39938531557,661677.6307317939,2493123.18037775,0.04215764958384856,-0.4356542786535068,2493123.18037775,0.04215764958384856,0.16,0.20215764958384858
23012,5,6.779924808125743,8.335719479212091,0.2998402886376573,0.7290565096077305,0.9569056601028478,0.4352407333257662,0.6155075633665702,976861.537134464,153495.04523974346,640362.0917012695,2469737.063170935,0.037786515691036235,-0.4352407333257662,2469737.063170935,0.037786515691036235,0.16,0.19778651569103622
4412,3,10.034086385253184,8.237578736920597,0.24336136973952538,0.7813360605620555,1.1470128078641268,0.43408652347876836,0.6844102571614098,974271.0093667652,170677.97316890093,431538.37915200903,3131368.079097325,0.01848054072769091,-0.43408652347876836,3131368.079097325,0.01848054072769091,0.0,0.01848054072769091
23012,4,6.610629365547658,7.318857879330313,0.3,0.7246974436942175,0.976417370973714,0.4286471659767447,0.6051468127042278,962062.8249676415,150911.28512648743,646812.0569454631,2417056.924223417,0.04203568739565519,-0.4286471659767447,2417056.924223417,0.04203568739565519,0.04,0.0820356873956552
23012,3,6.148392745352203,6.5336771503673345,0.2994416960635943,0.8464445952825388,1.0200847697512792,0.4248469341300117,0.6300815098676235,953533.5214373849,157129.4905506429,689273.9188054533,2522099.0408750945,0.05878552158042983,-0.4248469341300117,2522099.0408750945,0.05878552158042983,0.0,0.05878552158042983
23012,4,6.405086593340434,8.35937148650722,0.2931720197926148,0.7071388928781545,1.1176902689334645,0.4220149920635553,0.5872468226082839,947177.4635864215,146447.39231168616,657239.7663314313,2388934.0986233717,0.04023162419236277,-0.4220149920635553,2388934.0986233717,0.04023162419236277,0.04,0.08023162419236277
25012,4,7.1946554521004,7.946223547073721,0.29582762444713395,0.7,0.9933237890581319,0.41851916990754684,0.5840843485330744,939331.3822264051,145658.735713238,580264.9162316284,2359349.3155849758,0.03200800610173255,-0.41851916990754684,2359349.3155849758,0.03200800610173255,0.04,0.07200800610173255
24012,4,5.8078106613592,8.119629265715671,0.2918713809937736,0.7,1.112940896023915,0.4155145219709583,0.5744830879686758,932587.7004495276,143264.37695567837,713665.5214669323,2332547.919751638,0.0477311776939931,-0.4155145219709583,2332547.919751638,0.0477311776939931,0.04,0.0877311776939931
0012,3,10.006010798810296,8.249436085239216,0.2850047198954671,0.7182862551527827,1.0493123410225729,0.41550096123451385,0.6121928021905777,932557.2645072237,152668.41134123376,414220.91547794844,2554951.869937326,0.02059673822324671,-0.41550096123451385,2554951.869937326,0.02059673822324671,0.0,0.02059673822324671
23012,3,7.11115005388304,8.308618843612978,0.3,0.7266545315426103,0.9941522545652772,0.4126180329490758,0.5803882890328329,926086.7723388043,144737.01378167424,578801.0630076886,2310426.7620870657,0.03212317990249694,-0.4126180329490758,2310426.7620870657,0.03212317990249694,0.0,0.03212317990249694
4412,3,10.218895055312473,9.293101487692255,0.26298628116787076,0.7154362142163763,1.1641435900333537,0.4110089791681005,0.6694621633359739,922475.3852845529,166950.2231386113,401206.8407663389,3051266.414389556,0.01462057022519213,-0.4110089791681005,3051266.414389556,0.01462057022519213,0.0,0.01462057022519213
23012,3,6.643948801210138,8.15314929218979,0.2933557002662162,0.7053194115025249,1.0301576983035237,0.4081543916943615,0.5681366726103694,916068.5017050368,141681.7102745327,612800.5625798808,2285589.193134386,0.0364597961393518,-0.4081543916943615,2285589.193134386,0.0364597961393518,0.0,0.0364597961393518
4415,3,7.133066308321225,7.868489320723864,0.29015017237836577,0.7096814364166029,0.9574070312213773,0.40660269827101553,0.5645282629618001,912585.855190983,140781.8464300964,568610.6029114871,2291597.9676398663,0.02650319045843392,-0.40660269827101553,2291597.9676398663,0.02650319045843392,0.0,0.02650319045843392
23012,3,5.926783504729411,6.390628304351136,0.2977274691075096,0.7001049667552324,0.9917586590678734,0.40403568781040655,0.5665238226631036,906824.4142402946,141279.49835975718,680019.9006325727,2256084.8833126677,0.053202443534793156,-0.40403568781040655,2256084.8833126677,0.053202443534793156,0.0,0.053202443534793156
4415,3,7.071078103619474,8.085248718399566,0.2967352278076116,0.703122954484566,0.9558802074374004,0.40077417114343167,0.5547069739914281,899504.2120148607,138332.61707120054,565372.9798002759,2226828.4337974987,0.025742869314988346,-0.40077417114343167,2226828.4337974987,0.025742869314988346,0.0,0.025742869314988346
23012,3,5.870774029273124,8.512309459154933,0.29783243335957277,0.7,1.075904887829535,0.3978336829088209,0.551387763848356,892904.5313396658,137504.87369094958,675969.5678873189,2197690.9888215335,0.04298955529654968,-0.3978336829088209,2197690.9888215335,0.04298955529654968,0.0,0.04298955529654968
4415,3,10.246541591319371,9.477641230687478,0.2957464722838464,0.7,1.106806647813861,0.39618493684422856,0.6434703609552135,889204.0582642365,160468.39721193095,385692.8702732244,2794722.9179134523,0.012693161134810244,-0.39618493684422856,2794722.9179134523,0.012693161134810244,0.0,0.012693161134810244
6409,3,4.826384603224428,5.194186912895005,0.2982045753742695,0.7,0.9717435488021551,0.3927870012131844,0.565074544800937,881577.6750480743,140918.0779901983,811813.2561578351,2167551.0881785587,0.06120843904309685,-0.3927870012131844,2167551.0881785587,0.06120843904309685,0.0,0.06120843904309685
4415,3,10.556156748933573,9.405342023364355,0.29580092449158263,0.7,1.1045189076246165,0.3911305886692056,0.6607976210228892,877859.9951988658,164789.46282714698,369604.2102686455,2887553.6055054376,0.01221937754970421,-0.3911305886692056,2887553.6055054376,0.01221937754970421,0.0,0.01221937754970421
23012,2,7.173009760623133,8.072415936469787,0.29699088110307614,0.7347210794164842,0.9763028321441357,0.385561711106423,0.5448319038854956,865361.1138222882,135869.97579289507,536183.488258855,2160289.4200656274,0.030300253784797268,-0.385561711106423,2160289.4200656274,0.030300253784797268,0.04,0.07030025378479726
23012,2,7.062431123033117,7.958753165940928,0.29093265993033435,0.7081985531366105,0.9907731613206419,0.38146123185374703,0.5326223214893765,856157.930022947,132825.15471547388,538787.0393875556,2133427.880378239,0.030924932010424972,-0.38146123185374703,2133427.880378239,0.030924932010424972,0.04,0.07092493201042498
23012,2,6.613576151111164,8.796740298593594,0.2903241642963458,0.7191845165196796,0.9647692536951766,0.3778829114470877,0.5299947465223851,848126.6882177538,132169.89105596146,569956.6862931103,2118787.878257219,0.0327348011281947,-0.3778829114470877,2118787.878257219,0.0327348011281947,0.04,0.07273480112819469
4415,2,7.573411822681409,7.711331260615919,0.2960951115829724,0.7002421859645931,1.0211558519276887,0.3769280904006063,0.5211852578567042,845983.6719884892,129972.98407746445,496464.1457631349,2085798.6748684417,0.021467981747805766,-0.3769280904006063,2085798.6748684417,0.021467981747805766,0.04,0.06146798174780577
4415,2,6.148809579971249,5.530898571625082,0.29861300606516616,0.7193757104567406,1.0140852394851396,0.37259134953684814,0.5197031684946113,836250.218701722,129603.38118836348,604453.2019304619,2052864.7453262985,0.03726662875403934,-0.37259134953684814,2052864.7453262985,0.03726662875403934,0.04,0.07726662875403933
4415,2,6.061283869464334,5.856889297782891,0.29855570919221824,0.7131207518705482,1.0089623654497772,0.3695379346285574,0.5142570014167065,829397.0835228745,128245.21808564894,608156.5126279811,2030112.2656923085,0.036732071885018064,-0.3695379346285574,2030112.2656923085,0.036732071885018064,0.04,0.07673207188501807
4415,2,6.185019744058729,6.416667879003787,0.29871497984888323,0.7,1.0305828866906452,0.3658028324409269,0.5046049098499092,821013.9580821955,125838.18311178082,589965.929909101,1993845.509438071,0.03317499942937363,-0.3658028324409269,1993845.509438071,0.03317499942937363,0.04,0.07317499942937364
4415,2,5.804764248007951,6.231136244769676,0.2984751287179446,0.7049982501136296,1.0015081005862783,0.3634960592740333,0.5048945782908192,815836.5980395967,125910.42051890348,624649.0435810331,1990837.8408658446,0.03778008320758257,-0.3634960592740333,1990837.8408658446,0.03778008320758257,0.04,0.07778008320758256
4415,2,5.621849577469474,5.9067203766889325,0.2984359142756872,0.7,0.9938131662423065,0.36094846793385965,0.5015596716236307,810118.7416856285,125078.76274535707,640452.5221120728,1975492.431707928,0.040707084186731426,-0.36094846793385965,1975492.431707928,0.040707084186731426,0.04,0.08070708418673142
4415,2,6.10098779121106,9.457194605676985,0.2994479387776054,0.7052793077689554,0.9332215646851053,0.3571181471766059,0.4967962239466903,801521.9061044138,123890.85595072739,583892.2654161147,1954926.2005423405,0.02804747544317833,-0.3571181471766059,1954926.2005423405,0.02804747544317833,0.04,0.06804747544317832
6409,6,5.798258342762908,8.635824789068302,0.2827385623282312,0.7,0.9737182307237193,0.35426521406834705,0.49526580270240567,795118.7356102827,123509.20007497752,609469.4024055686,1800101.706171984,0.04579311222055486,-0.35426521406834705,1800101.706171984,0.04579311222055486,0.36,0.40579311222055486
4415,2,5.683373638395044,9.457194605676985,0.2994479387776054,0.7052793077689554,0.9332215646851053,0.3517937526997204,0.4902855766999343,789571.7466300072,122267.23318285303,617451.5325005122,1923996.7355481116,0.03155667276249359,-0.3517937526997204,1923996.7355481116,0.03155667276249359,0.04,0.07155667276249358
6409,6,6.069576261106423,8.568205475732233,0.2714113099905105,0.7,0.9779410594346594,0.3493303378723702,0.48596279052306607,784042.8174407348,121189.21838779363,574114.9948984791,1818637.4613266666,0.043514473642064275,-0.3493303378723702,1818637.4613266666,0.043514473642064275,0.36,0.4035144736420643
4415,3,11.0,10.724169633970693,0.3,0.7,1.1875551455770843,0.34479325320186915,0.7285332485103764,773859.709183683,181681.3481984112,312670.58956916485,3228738.681116314,0.01113827822365195,-0.34479325320186915,3228738.681116314,0.01113827822365195,0.0,0.01113827822365195
24012,2,4.826384603224428,4.7057467170042,0.2982045753742695,0.7,0.9682341809086904,0.3370994057678341,0.4676969828322333,756591.5101034647,116634.09811841839,696717.9804830846,1904720.1565827967,0.0659195112587417,-0.3370994057678341,1904720.1565827967,0.0659195112587417,0.04,0.10591951125874169
24012,3,4.470727892463639,2.584242884861036,0.29871261571308455,1.269866172576183,1.1365764401505414,0.3291464864339876,0.4394346384457755,738741.8457446077,109586.0452781693,734398.7760321872,1871958.1582219778,0.10616429409374765,-0.3291464864339876,1871958.1582219778,0.10616429409374765,0.0,0.10616429409374765
24012,3,4.470727892463639,2.5,0.29871261571308455,1.269866172576183,1.1365764401505414,0.32670161592286157,0.43484498902467084,733254.5377269418,108441.48022737811,728943.7279459053,1852061.8666754374,0.10619086471575302,-0.32670161592286157,1852061.8666754374,0.10619086471575302,0.0,0.10619086471575302
23012,3,4.272979264544454,2.622441592715763,0.3,1.3071672472112934,1.1051196077678036,0.3194663476130998,0.423621120394878,717015.5812564681,105642.47607920493,745787.8261047808,1793935.3752657853,0.1061637801266542,-0.3194663476130998,1793935.3752657853,0.1061637801266542,0.0,0.1061637801266542
24012,3,4.318045791608549,2.5715420917181673,0.2992855054267701,1.3073505032389092,1.1561604691677998,0.31405804488522876,0.4124916318829392,704877.0967086941,102867.00840941475,725510.3923564613,1760149.0471064067,0.106187382743645,-0.31405804488522876,1760149.0471064067,0.106187382743645,0.0,0.106187382743645
23012,3,4.2,2.7511563181746674,0.3,1.2524183592199238,1.1399962409340518,0.3093751951326325,0.4058018357559253,694366.8308782508,101198.70956099084,734779.7152150801,1725792.8165277857,0.10609519315453475,-0.3093751951326325,1725792.8165277857,0.10609519315453475,0.0,0.10609519315453475
23012,3,4.334234127750209,2.6567642659199087,0.3,1.3188283434200672,1.1818223905738607,0.30376622432193967,0.39658055794975416,681777.9635495702,98899.1107611244,699114.1210028252,1695261.8214883655,0.10613422707843925,-0.30376622432193967,1695261.8214883655,0.10613422707843925,0.0,0.10613422707843925
0012,3,4.319234800833906,2.6129318855247594,0.2994952605529116,1.2739977469565016,1.0736864063888263,0.2982212014234905,0.38846753763951264,669332.6219781723,96875.88879982117,688735.8040044457,1634426.664138354,0.10643508762311445,-0.2982212014234905,1634426.664138354,0.10643508762311445,0.0,0.10643508762311445
23012,3,4.2037255483559886,2.657986407378974,0.3,1.3966160281257922,1.1719183980487822,0.29819567048382006,0.3871367825738526,669275.3199127604,96544.02560079034,707600.1854006262,1653762.903661384,0.10628085438093743,-0.29819567048382006,1653762.903661384,0.10628085438093743,0.0,0.10628085438093743
0012,3,4.2,2.5,0.2993497850860414,1.3682728389941468,1.0513591732102792,0.29464736607313774,0.38244592405109773,661311.4465079112,95374.22106219902,699800.4724951441,1605322.20015091,0.1066460901929035,-0.29464736607313774,1605322.20015091,0.1066460901929035,0.0,0.1066460901929035
0012,3,4.278884326206317,2.5,0.2995103430838451,1.2895405729090637,1.078165453013826,0.29140972023247774,0.3769542521687819,654044.820361877,94004.70998843198,679351.3557895715,1585801.1935928718,0.10647494833733215,-0.29140972023247774,1585801.1935928718,0.10647494833733215,0.0,0.10647494833733215
0012,3,4.421154994911992,2.63403180845609,0.29913856996534305,1.3065094643737998,1.137985038628048,0.28617129042213946,0.36907040382675316,642287.6014141091,92038.63884658593,645670.9988963661,1565944.8040996564,0.10647119963149751,-0.28617129042213946,1565944.8040996564,0.10647119963149751,0.0,0.10647119963149751
0012,3,4.2,2.5,0.2993497850860414,1.3561512691628759,1.105851468065184,0.2789482866424425,0.356812910622293,626076.1716587932,88981.8697897548,662514.4673638024,1506936.8354914892,0.10663037999395308,-0.2789482866424425,1506936.8354914892,0.10663037999395308,0.0,0.10663037999395308
0012,3,4.247294634752761,2.5,0.2999509378193987,1.4,1.128740400556239,0.27459212571242564,0.3502148997880254,616299.1316524841,87336.46032320197,644906.3432935738,1481811.222559185,0.10657025943249229,-0.27459212571242564,1481811.222559185,0.10657025943249229,0.0,0.10657025943249229
0012,3,4.318045791608549,2.5,0.3,1.3073505032389092,1.1561604691677998,0.27009298463963405,0.34328885312522567,606201.1846368898,85609.24540479507,623946.0203295848,1456886.3447426965,0.1064044513476845,-0.27009298463963405,1456886.3447426965,0.1064044513476845,0.0,0.1064044513476845
0012,3,4.264081086111755,2.5659870742881097,0.29995518728398596,1.3985865973715284,1.1637175798951547,0.2670108687920706,0.33864087782120256,599283.6325928264,84450.1350672031,624632.3082829543,1440072.7437375118,0.10655733417722028,-0.2670108687920706,1440072.7437375118,0.10655733417722028,0.0,0.10655733417722028
0012,3,4.288169156322782,2.5,0.2987757902663573,1.3567921681847277,1.1753142254925733,0.26260219402718055,0.33176657056416514,589388.7296625599,82735.82290239476,610868.0347426471,1415329.5114971888,0.10666038347680393,-0.26260219402718055,1415329.5114971888,0.10666038347680393,0.0,0.10666038347680393
0012,3,4.277576380233202,2.5,0.2944773265592703,1.3713092419360549,1.1871851641967746,0.2589652638406392,0.3259904564069609,581225.9430930953,81295.37772082683,603899.5412645934,1404225.6945415237,0.10731300651374909,-0.2589652638406392,1404225.6945415237,0.10731300651374909,0.0,0.10731300651374909
24012,2,4.2,2.7890626004523957,0.29967955959078396,1.291222603555103,1.1037983310041346,0.25121465412678023,0.32067729946320495,563830.345808448,79970.38463546653,596645.8685803682,1364561.0131276832,0.07092135184176172,-0.25121465412678023,1364561.0131276832,0.07092135184176172,0.04,0.11092135184176172
24012,2,4.2,2.6318555884812684,0.29967955959078396,1.291222603555103,1.1037983310041346,0.2477207714860446,0.31493503887619484,555988.6175287517,78538.38184453319,588347.7434166685,1339575.4033990137,0.07096270496880389,-0.2477207714860446,1339575.4033990137,0.07096270496880389,0.04,0.1109627049688039
23012,2,4.2,2.820719515781351,0.3,1.3068704883751903,1.1261336717941457,0.24204473530732817,0.3069313879394832,543249.2275732126,76542.43437657005,574866.907484881,1308199.3895555097,0.07095290718071327,-0.24204473530732817,1308199.3895555097,0.07095290718071327,0.04,0.11095290718071327
0012,2,4.417507906382376,3.267422104116379,0.29911338028783374,1.3346328876862668,1.1307218741215368,0.23722853272260486,0.30124174056320147,532439.662429542,75123.55224838987,535686.3077184089,1285310.3018646582,0.07120029953500694,-0.23722853272260486,1285310.3018646582,0.07120029953500694,0.04,0.11120029953500693
23012,2,4.2,2.5,0.2961353681025502,1.3068704883751903,1.1261336717941457,0.23512463654226815,0.29565018611993277,527717.6428681129,73729.13249904414,558431.3681144052,1267812.6223133686,0.07142493833817101,-0.23512463654226815,1267812.6223133686,0.07142493833817101,0.04,0.11142493833817102
0012,2,4.203958076174298,3.6656178323282465,0.3,1.3930298992943886,1.1529052727672,0.23029755392851017,0.2911927689387126,516883.65840641194,72617.54347462734,546451.8585587465,1246164.7467747428,0.07111772907718007,-0.23029755392851017,1246164.7467747428,0.07111772907718007,0.04,0.11111772907718007
0012,2,4.253963365122839,2.9830670053674915,0.29938617975188236,1.3677048000536982,1.1018860430679587,0.22736371468385974,0.28582150766857334,510298.9008348141,71278.06035415186,533148.7180675108,1213053.2348635003,0.07121912848408676,-0.22736371468385974,1213053.2348635003,0.07121912848408676,0.04,0.11121912848408677
0012,2,4.2,2.5513403717486876,0.2920706082226518,1.2947303196633977,1.0882987752939444,0.21837476516062443,0.2713435295524886,490123.9530963646,67667.54760309256,518649.68581625883,1161869.4381449847,0.07192828760805642,-0.21837476516062443,1161869.4381449847,0.07192828760805642,0.04,0.11192828760805643
0012,2,4.2,2.798831851713859,0.2999966517268997,1.3132261585633527,1.12631156930475,0.2142428208182581,0.2660319687273617,480850.14852666017,66342.95255719718,508836.1360070478,1129927.9030164252,0.07116089659442869,-0.2142428208182581,1129927.9030164252,0.07116089659442869,0.04,0.11116089659442868
0012,2,4.2,2.5513403717486876,0.2920706082226518,1.3266892064945341,1.1144294058089037,0.2120715808081767,0.26209266303976353,475976.9813542566,65360.56998268615,503679.3453484197,1125780.0690308437,0.07192828760805642,-0.2120715808081767,1125780.0690308437,0.07192828760805642,0.04,0.11192828760805643
0012,2,4.2,2.5,0.2993655312627939,1.3566230239302308,1.1166251276465526,0.208984813898783,0.2580316566260101,469048.9903897041,64347.83772674353,496348.13797852286,1093790.4376325437,0.07122110061292092,-0.208984813898783,1093790.4376325437,0.07122110061292092,0.04,0.11122110061292093
0012,2,4.276023880213107,2.6501464371393277,0.2997778768516874,1.3857923637274676,1.1651946337623185,0.20492091174412455,0.25244102140675023,459927.90083719575,62953.64721313627,478043.1683695357,1077180.6005671443,0.07118174870781285,-0.20492091174412455,1077180.6005671443,0.07118174870781285,0.04,0.11118174870781286
0012,2,4.2,2.5,0.29992390012481457,1.4,1.14421035037518,0.20208036137488866,0.2481463177419306,453552.5223683732,61882.63562439616,479949.7591199716,1054568.1000690756,0.07116782873878354,-0.20208036137488866,1054568.1000690756,0.07116782873878354,0.04,0.11116782873878353
0012,2,4.2,2.5,0.29992390012481457,1.4,1.1569436055465863,0.1988834145659351,0.24361652621345709,446377.2418056644,60752.99791241315,472356.86963562365,1037121.6803202642,0.07116782873878354,-0.1988834145659351,1037121.6803202642,0.07116782873878354,0.04,0.11116782873878353
0012,2,4.2,2.5,0.2994537262286367,1.359265341252519,1.1769688259114464,0.19385649615845252,0.23654924175961986,435094.7425665421,58990.561166663814,460417.71700163186,1010790.6871839453,0.07121267829374445,-0.19385649615845252,1010790.6871839453,0.07121267829374445,0.04,0.11121267829374445
